plant,storage,units
2120,2030.0,0.0
1920,2030.0,0.0
1911,1130.0,0.0
2111,1130.0,0.0
1921,2130.0,0.0
2121,2130.0,0.0
1917,1730.0,0.0
2117,1730.0,0.0
2114,1430.0,0.0
2119,1930.0,0.0
1916,1630.0,0.0
2116,1630.0,0.0
1918,1830.0,0.0
2118,1830.0,0.0
2112,1230.0,0.0
1919,1930.0,0.0
1915,1530.0,0.0
2115,1530.0,0.0
1912,1230.0,0.0
2103,330.0,0.0
1922,2230.0,0.0
2122,2230.0,0.0
1914,1430.0,0.0
1903,330.0,0.0
1901,130.0,39741.633
1920,1130.0,0.0
